Workbook

Sheet Dashboard
B2: Campus App 2025 — Painel de Acompanhamento (Turma 3DS-A)
B3: Desenvolvimento de Dispositivos Móveis · IFTM Campus Uberlândia · Prof. Edson Angoti Júnior
B5: Equipe / Projeto | C5: Integrantes | D5: Total de cards | E5: Feito | F5: Fazendo | G5: Em Review | H5: A Fazer / Backlog | I5: % Concluído | J5: Aulas estimadas | K5: Aulas concluídas
B6: Avisa IF | C6: Rebeca, Adan, Alejandro, Enzo Eduardo, Enzo Leonardo | D6: =COUNTA(AvisaIF!A2:A27) -> 26 | E6: =COUNTIF(AvisaIF!G2:G27,"Feito") -> 0 | F6: =COUNTIF(AvisaIF!G2:G27,"Fazendo") -> 0 | G6: =COUNTIF(AvisaIF!G2:G27,"Em Review") -> 0 | H6: =COUNTIF(AvisaIF!G2:G27,"A Fazer")+COUNTIF(AvisaIF!G2:G27,"Backlog") -> 26 | I6: =IF(D6=0,0,E6/D6) -> 0 | J6: =SUM(AvisaIF!F2:F27) -> 25.5 | K6: =SUMIF(AvisaIF!G2:G27,"Feito",AvisaIF!F2:F27) -> 0
B7: IFinanças | C7: Davi Gonzaga, Gabelo, Gabriel Almeida, Vinicius Mendes | D7: =COUNTA(IFinancas!A2:A25) -> 24 | E7: =COUNTIF(IFinancas!G2:G25,"Feito") -> 0 | F7: =COUNTIF(IFinancas!G2:G25,"Fazendo") -> 0 | G7: =COUNTIF(IFinancas!G2:G25,"Em Review") -> 0 | H7: =COUNTIF(IFinancas!G2:G25,"A Fazer")+COUNTIF(IFinancas!G2:G25,"Backlog") -> 24 | I7: =IF(D7=0,0,E7/D7) -> 0 | J7: =SUM(IFinancas!F2:F25) -> 25 | K7: =SUMIF(IFinancas!G2:G25,"Feito",IFinancas!F2:F25) -> 0
B8: iHelp | C8: Caio Gabriel, Vitória Sophia, Camille, Iago Borges, Daniel | D8: =COUNTA(iHelp!A2:A21) -> 20 | E8: =COUNTIF(iHelp!G2:G21,"Feito") -> 0 | F8: =COUNTIF(iHelp!G2:G21,"Fazendo") -> 0 | G8: =COUNTIF(iHelp!G2:G21,"Em Review") -> 0 | H8: =COUNTIF(iHelp!G2:G21,"A Fazer")+COUNTIF(iHelp!G2:G21,"Backlog") -> 20 | I8: =IF(D8=0,0,E8/D8) -> 0 | J8: =SUM(iHelp!F2:F21) -> 22 | K8: =SUMIF(iHelp!G2:G21,"Feito",iHelp!F2:F21) -> 0
B9: IFala | C9: Clara Lindemann, Davi Rodovalho, Enzo Ribeiro, Lucas Mercado | D9: =COUNTA(IFala!A2:A24) -> 23 | E9: =COUNTIF(IFala!G2:G24,"Feito") -> 0 | F9: =COUNTIF(IFala!G2:G24,"Fazendo") -> 0 | G9: =COUNTIF(IFala!G2:G24,"Em Review") -> 0 | H9: =COUNTIF(IFala!G2:G24,"A Fazer")+COUNTIF(IFala!G2:G24,"Backlog") -> 23 | I9: =IF(D9=0,0,E9/D9) -> 0 | J9: =SUM(IFala!F2:F24) -> 23.5 | K9: =SUMIF(IFala!G2:G24,"Feito",IFala!F2:F24) -> 0
B10: StudyDev | C10: Iago Oliveira, Nicolas Bruno, Felipe Peixoto, Felipe Marques, Heitor Moreira | D10: =COUNTA(StudyDev!A2:A24) -> 23 | E10: =COUNTIF(StudyDev!G2:G24,"Feito") -> 0 | F10: =COUNTIF(StudyDev!G2:G24,"Fazendo") -> 0 | G10: =COUNTIF(StudyDev!G2:G24,"Em Review") -> 0 | H10: =COUNTIF(StudyDev!G2:G24,"A Fazer")+COUNTIF(StudyDev!G2:G24,"Backlog") -> 23 | I10: =IF(D10=0,0,E10/D10) -> 0 | J10: =SUM(StudyDev!F2:F24) -> 26.5 | K10: =SUMIF(StudyDev!G2:G24,"Feito",StudyDev!F2:F24) -> 0
B11: MonitoraIF | C11: Heitor Leal, Gabriel Zumba, Otávio Rodrigues, João Lucas Sivieri | D11: =COUNTA(MonitoraIF!A2:A20) -> 19 | E11: =COUNTIF(MonitoraIF!G2:G20,"Feito") -> 0 | F11: =COUNTIF(MonitoraIF!G2:G20,"Fazendo") -> 0 | G11: =COUNTIF(MonitoraIF!G2:G20,"Em Review") -> 0 | H11: =COUNTIF(MonitoraIF!G2:G20,"A Fazer")+COUNTIF(MonitoraIF!G2:G20,"Backlog") -> 19 | I11: =IF(D11=0,0,E11/D11) -> 0 | J11: =SUM(MonitoraIF!F2:F20) -> 20 | K11: =SUMIF(MonitoraIF!G2:G20,"Feito",MonitoraIF!F2:F20) -> 0
B12: TOTAL DA TURMA | D12: =SUM(D6:D11) -> 135 | E12: =SUM(E6:E11) -> 0 | F12: =SUM(F6:F11) -> 0 | G12: =SUM(G6:G11) -> 0 | H12: =SUM(H6:H11) -> 135 | I12: =IF(D12=0,0,E12/D12) -> 0 | J12: =SUM(J6:J11) -> 142.5 | K12: =SUM(K6:K11) -> 0
B14: Como usar:
B15: 1. Cada equipe tem uma aba com todos os cards (mesmos IDs dos arquivos 3DSA_Kanban_*.md).
B16: 2. Atualize só as colunas Status e Responsável nas abas — o Dashboard recalcula sozinho.
B17: 3. Status: Backlog · A Fazer · Fazendo · Em Review · Feito (lista suspensa na célula).
B18: 4. Sprint: 1 = Sem. 5–6 · 2 = Sem. 7–8 · 3 = Sem. 9–10.
B19: 5. Estimativas em aulas (1 aula ≈ 50 min). Aulas concluídas somam só cards com status Feito.

Sheet AvisaIF
A1: ID | B1: Issue | C1: Card (atividade) | D1: Prioridade | E1: Sprint | F1: Est. (aulas) | G1: Status | H1: Responsável | I1: Observações
A2: AVI-01.1 | B2: AVI-01 | C2: Criar projeto Firebase e ativar Auth | D2: M | E2: 1 | F2: 0.5 | G2: A Fazer
A3: AVI-01.2 | B3: AVI-01 | C3: UI das telas de Login e Cadastro | D3: M | E3: 1 | F3: 1.5 | G3: A Fazer
A4: AVI-01.3 | B4: AVI-01 | C4: Integrar cadastro/login com Firebase Auth | D4: M | E4: 1 | F4: 1 | G4: A Fazer
A5: AVI-01.4 | B5: AVI-01 | C5: AuthContext + navegação + persistência | D5: M | E5: 1 | F5: 1.5 | G5: A Fazer
A6: AVI-02.1 | B6: AVI-02 | C6: Coleção usuarios com campo papel | D6: M | E6: 1 | F6: 0.5 | G6: A Fazer
A7: AVI-02.2 | B7: AVI-02 | C7: Expor papel no AuthContext | D7: M | E7: 1 | F7: 0.5 | G7: A Fazer
A8: AVI-02.3 | B8: AVI-02 | C8: Header com aviso da semana (só grêmio) | D8: M | E8: 1 | F8: 1 | G8: A Fazer
A9: AVI-03.1 | B9: AVI-03 | C9: Modelar coleção grupos | D9: M | E9: 2 | F9: 0.5 | G9: Backlog
A10: AVI-03.2 | B10: AVI-03 | C10: UI criar grupo (nome + cor + código) | D10: M | E10: 2 | F10: 1.5 | G10: Backlog
A11: AVI-03.3 | B11: AVI-03 | C11: UI entrar via código | D11: M | E11: 2 | F11: 1 | G11: Backlog
A12: AVI-03.4 | B12: AVI-03 | C12: Componente CardGrupo colorido | D12: M | E12: 2 | F12: 1 | G12: Backlog
A13: AVI-04.1 | B13: AVI-04 | C13: FlatList dos grupos do usuário | D13: M | E13: 2 | F13: 1 | G13: Backlog
... A27: AVI-QA.2 | B27: QA | C27: Corrigir bugs priorizados | D27: M | E27: 3 | F27: 2 | G27: Backlog
C29: Total de aulas estimadas: | F29: =SUM(F2:F27) -> 25.5
C30: Aulas concluídas (Feito): | F30: =SUMIF(G2:G27,"Feito",F2:F27) -> 0

Sheet IFinancas
A1: ID | B1: Issue | C1: Card (atividade) | D1: Prioridade | E1: Sprint | F1: Est. (aulas) | G1: Status | H1: Responsável | I1: Observações
A2: IFI-01.1 | B2: IFI-01 | C2: Criar projeto Firebase e ativar Auth | D2: M | E2: 1 | F2: 0.5 | G2: A Fazer
A3: IFI-01.2 | B3: IFI-01 | C3: UI das telas de Login e Cadastro | D3: M | E3: 1 | F3: 1.5 | G3: A Fazer
A4: IFI-01.3 | B4: IFI-01 | C4: Integrar cadastro/login com Firebase Auth | D4: M | E4: 1 | F4: 1 | G4: A Fazer
A5: IFI-01.4 | B5: IFI-01 | C5: AuthContext + persistência + regras por UID | D5: M | E5: 1 | F5: 1.5 | G5: A Fazer
A6: IFI-02.1 | B6: IFI-02 | C6: Modelar coleção transacoes/{uid} | D6: M | E6: 2 | F6: 0.5 | G6: Backlog
A7: IFI-02.2 | B7: IFI-02 | C7: UI formulário de gasto | D7: M | E7: 2 | F7: 1.5 | G7: Backlog
A8: IFI-02.3 | B8: IFI-02 | C8: Gravar gasto no Firestore | D8: M | E8: 2 | F8: 1 | G8: Backlog
A9: IFI-03.1 | B9: IFI-03 | C9: Contexto (escola/fora) + categoria | D9: M | E9: 2 | F9: 1 | G9: Backlog
A10: IFI-03.2 | B10: IFI-03 | C10: Dashboard separa totais por contexto | D10: M | E10: 2 | F10: 1 | G10: Backlog
A11: IFI-04.1 | B11: IFI-04 | C11: FlatList ordenada por data | D11: M | E11: 2 | F11: 1 | G11: Backlog
A12: IFI-04.2 | B12: IFI-04 | C12: Remover transação com confirmação | D12: M | E12: 2 | F12: 1 | G12: Backlog
A13: IFI-05.1 | B13: IFI-05 | C13: Calcular totais do mês | D13: M | E13: 2 | F13: 1 | G13: Backlog
... A25: IFI-QA.2 | B25: QA | C25: Corrigir bugs priorizados | D25: M | E25: 3 | F25: 2 | G25: Backlog
C27: Total de aulas estimadas: | F27: =SUM(F2:F25) -> 25
C28: Aulas concluídas (Feito): | F28: =SUMIF(G2:G25,"Feito",F2:F25) -> 0

Sheet iHelp
A1: ID | B1: Issue | C1: Card (atividade) | D1: Prioridade | E1: Sprint | F1: Est. (aulas) | G1: Status | H1: Responsável | I1: Observações
A2: IHP-01.1 | B2: IHP-01 | C2: Criar projeto Firebase e ativar Auth | D2: M | E2: 1 | F2: 0.5 | G2: A Fazer
A3: IHP-01.2 | B3: IHP-01 | C3: UI Login/Cadastro com seleção de tipo | D3: M | E3: 1 | F3: 1.5 | G3: A Fazer
A4: IHP-01.3 | B4: IHP-01 | C4: Integrar Auth + coleção usuarios com tipo | D4: M | E4: 1 | F4: 1 | G4: A Fazer
A5: IHP-01.4 | B5: IHP-01 | C5: AuthContext + navegação + persistência | D5: M | E5: 1 | F5: 1.5 | G5: A Fazer
A6: IHP-02.1 | B6: IHP-02 | C6: Modelar coleção prestadores | D6: M | E6: 1 | F6: 0.5 | G6: A Fazer
A7: IHP-02.2 | B7: IHP-02 | C7: UI formulário de perfil profissional | D7: M | E7: 1 | F7: 1.5 | G7: A Fazer
A8: IHP-02.3 | B8: IHP-02 | C8: Gravar/editar perfil no Firestore | D8: M | E8: 1 | F8: 1 | G8: A Fazer
A9: IHP-03.1 | B9: IHP-03 | C9: Componente CardPrestador | D9: M | E9: 2 | F9: 1 | G9: Backlog
A10: IHP-03.2 | B10: IHP-03 | C10: FlatList carregando do Firestore | D10: M | E10: 2 | F10: 1 | G10: Backlog
A11: IHP-04.1 | B11: IHP-04 | C11: UI da tela de detalhe | D11: M | E11: 2 | F11: 1 | G11: Backlog
A12: IHP-04.2 | B12: IHP-04 | C12: Contato via deep link | D12: M | E12: 2 | F12: 1 | G12: Backlog
A13: IHP-05.1 | B13: IHP-05 | C13: Definir lista de categorias | D13: M | E13: 2 | F13: 0.5 | G13: Backlog
... A21: IHP-QA.2 | B21: QA | C21: Corrigir bugs priorizados | D21: M | E21: 3 | F21: 2 | G21: Backlog
C23: Total de aulas estimadas: | F23: =SUM(F2:F21) -> 22
C24: Aulas concluídas (Feito): | F24: =SUMIF(G2:G21,"Feito",F2:F21) -> 0

Sheet IFala
A1: ID | B1: Issue | C1: Card (atividade) | D1: Prioridade | E1: Sprint | F1: Est. (aulas) | G1: Status | H1: Responsável | I1: Observações
A2: IFA-01.1 | B2: IFA-01 | C2: Criar projeto Firebase e ativar Auth | D2: M | E2: 1 | F2: 0.5 | G2: A Fazer
A3: IFA-01.2 | B3: IFA-01 | C3: UI das telas de Login e Cadastro | D3: M | E3: 1 | F3: 1.5 | G3: A Fazer
A4: IFA-01.3 | B4: IFA-01 | C4: Integrar Auth + validação de domínio | D4: M | E4: 1 | F4: 1 | G4: A Fazer
A5: IFA-01.4 | B5: IFA-01 | C5: AuthContext + persistência | D5: M | E5: 1 | F5: 1 | G5: A Fazer
A6: IFA-02.1 | B6: IFA-02 | C6: Coleção usuarios com papel | D6: M | E6: 1 | F6: 0.5 | G6: A Fazer
A7: IFA-02.2 | B7: IFA-02 | C7: Navegação condicional por papel | D7: M | E7: 1 | F7: 1 | G7: A Fazer
A8: IFA-03.1 | B8: IFA-03 | C8: Modelar coleção reclamacoes | D8: M | E8: 2 | F8: 0.5 | G8: Backlog
A9: IFA-03.2 | B9: IFA-03 | C9: UI formulário (categoria + texto) | D9: M | E9: 2 | F9: 1 | G9: Backlog
A10: IFA-03.3 | B10: IFA-03 | C10: Gravar com status aberta + confirmação | D10: M | E10: 2 | F10: 1 | G10: Backlog
A11: IFA-04.1 | B11: IFA-04 | C11: Regras Firestore ocultam autorUid | D11: M | E11: 2 | F11: 1.5 | G11: Backlog
A12: IFA-04.2 | B12: IFA-04 | C12: Texto de transparência (privacidade) | D12: M | E12: 2 | F12: 0.5 | G12: Backlog
A13: IFA-05.1 | B13: IFA-05 | C13: Lista das próprias reclamações | D13: M | E13: 2 | F13: 1 | G13: Backlog
... A24: IFA-QA.3 | B24: QA | C24: Revisar proteção do autor (cenário real) | D24: M | E24: 3 | F24: 1 | G24: Backlog
C26: Total de aulas estimadas: | F26: =SUM(F2:F24) -> 23.5
C27: Aulas concluídas (Feito): | F27: =SUMIF(G2:G24,"Feito",F2:F24) -> 0

Sheet StudyDev
A1: ID | B1: Issue | C1: Card (atividade) | D1: Prioridade | E1: Sprint | F1: Est. (aulas) | G1: Status | H1: Responsável | I1: Observações
A2: STD-01.1 | B2: STD-01 | C2: Criar projeto Firebase e ativar Auth | D2: M | E2: 1 | F2: 0.5 | G2: A Fazer
A3: STD-01.2 | B3: STD-01 | C3: UI das telas de Login e Cadastro | D3: M | E3: 1 | F3: 1.5 | G3: A Fazer
A4: STD-01.3 | B4: STD-01 | C4: Integrar Auth + AuthContext + persistência | D4: M | E4: 1 | F4: 1.5 | G4: A Fazer
A5: STD-02.1 | B5: STD-02 | C5: Documentar schema de progresso | D5: M | E5: 1 | F5: 0.5 | G5: A Fazer
A6: STD-02.2 | B6: STD-02 | C6: Criar progresso/{uid} + hook useProgresso | D6: M | E6: 1 | F6: 1.5 | G6: A Fazer
A7: STD-03.1 | B7: STD-03 | C7: Schema da aula + 1 aula-modelo | D7: M | E7: 1 | F7: 1 | G7: A Fazer
A8: STD-03.2 | B8: STD-03 | C8: Escrever trilha 1 (3 mód × 3 aulas) | D8: M | E8: 1 | F8: 2 | G8: A Fazer
A9: STD-03.3 | B9: STD-03 | C9: Escrever trilha 2 (3 mód × 3 aulas) | D9: M | E9: 1 | F9: 2 | G9: A Fazer
A10: STD-03.4 | B10: STD-03 | C10: Carregar trilhas no Firestore | D10: M | E10: 2 | F10: 1 | G10: Backlog
A11: STD-04.1 | B11: STD-04 | C11: Componente CardTrilha com progresso | D11: M | E11: 2 | F11: 1 | G11: Backlog
A12: STD-04.2 | B12: STD-04 | C12: Grid de trilhas (Firestore) | D12: M | E12: 2 | F12: 1 | G12: Backlog
A13: STD-05.1 | B13: STD-05 | C13: Aulas agrupadas por módulo | D13: M | E13: 2 | F13: 1.5 | G13: Backlog
... A24: STD-QA.3 | B24: QA | C24: Revisão de conteúdo das trilhas | D24: M | E24: 3 | F24: 1 | G24: Backlog
C26: Total de aulas estimadas: | F26: =SUM(F2:F24) -> 26.5
C27: Aulas concluídas (Feito): | F27: =SUMIF(G2:G24,"Feito",F2:F24) -> 0

Sheet MonitoraIF
A1: ID | B1: Issue | C1: Card (atividade) | D1: Prioridade | E1: Sprint | F1: Est. (aulas) | G1: Status | H1: Responsável | I1: Observações
A2: MIF-01.1 | B2: MIF-01 | C2: Criar projeto Firebase e ativar Auth | D2: M | E2: 1 | F2: 0.5 | G2: A Fazer
A3: MIF-01.2 | B3: MIF-01 | C3: UI das telas de Login e Cadastro | D3: M | E3: 1 | F3: 1.5 | G3: A Fazer
A4: MIF-01.3 | B4: MIF-01 | C4: Integrar Auth + AuthContext + persistência | D4: M | E4: 1 | F4: 1.5 | G4: A Fazer
A5: MIF-02.1 | B5: MIF-02 | C5: Coleção usuarios com papel + seleção | D5: M | E5: 1 | F5: 0.5 | G5: A Fazer
A6: MIF-02.2 | B6: MIF-02 | C6: Expor papel + permissões | D6: M | E6: 1 | F6: 1 | G6: A Fazer
A7: MIF-03.1 | B7: MIF-03 | C7: Modelar coleção duvidas | D7: M | E7: 2 | F7: 0.5 | G7: Backlog
A8: MIF-03.2 | B8: MIF-03 | C8: UI formulário (matéria, título, descrição) | D8: M | E8: 2 | F8: 1 | G8: Backlog
A9: MIF-03.3 | B9: MIF-03 | C9: Gravar dúvida com status aberta | D9: M | E9: 2 | F9: 1 | G9: Backlog
A10: MIF-04.1 | B10: MIF-04 | C10: Componente CardDuvida | D10: M | E10: 2 | F10: 1 | G10: Backlog
A11: MIF-04.2 | B11: MIF-04 | C11: FlatList com onSnapshot | D11: M | E11: 2 | F11: 1 | G11: Backlog
A12: MIF-05.1 | B12: MIF-05 | C12: UI do detalhe (dúvida + respostas) | D12: M | E12: 2 | F12: 1 | G12: Backlog
A13: MIF-06.1 | B13: MIF-06 | C13: Subcoleção respostas + campo (só monitor) | D13: M | E13: 2 | F13: 1 | G13: Backlog
... A20: MIF-QA.2 | B20: QA | C20: Corrigir bugs priorizados | D20: M | E20: 3 | F20: 2 | G20: Backlog
C22: Total de aulas estimadas: | F22: =SUM(F2:F20) -> 20
C23: Aulas concluídas (Feito): | F23: =SUMIF(G2:G20,"Feito",F2:F20) -> 0
