Workbook

Sheet Dashboard
B2: Campus App 2025 — Painel de Acompanhamento (Turma 3DS-B)
B3: Desenvolvimento de Dispositivos Móveis · IFTM Campus Uberlândia · Prof. Edson Angoti Júnior
B4: Sprint 1 padronizado (login com Google) idêntico para todas as equipes.
B6: Equipe / Projeto | C6: Integrantes | D6: Total de cards | E6: Feito | F6: Fazendo | G6: Em Review | H6: A Fazer / Backlog | I6: % Concluído | J6: Aulas estimadas | K6: Aulas concluídas | L6: 46273
B7: Radar Neurodivergente | C7: Ana Beatriz Ramos Del Padre (+ equipe) | D7: =COUNTA(RadarNeuro!B2:B46) -> 4 | E7: =COUNTIF(RadarNeuro!F2:F46,"Feito") -> 0 | F7: =COUNTIF(RadarNeuro!F2:F46,"Fazendo") -> 0 | G7: =COUNTIF(RadarNeuro!F2:F46,"Em Review") -> 0 | H7: =COUNTIF(RadarNeuro!F2:F46,"A Fazer")+COUNTIF(RadarNeuro!F2:F46,"Backlog") -> 4 | I7: =IF(D7=0,0,E7/D7) -> 0 | J7: =SUM(RadarNeuro!E2:E46) -> 3 | K7: =SUMIF(RadarNeuro!F2:F46,"Feito",RadarNeuro!E2:E46) -> 0 | L7: class meeting realizado
B8: E Agora, Adulto? | C8: Felipe, Gabriel, Heitor, Philipe, Vitor Hugo | D8: =COUNTA(EAgoraAdulto!B2:B46) -> 4 | E8: =COUNTIF(EAgoraAdulto!F2:F48,"Feito") -> 1 | F8: =COUNTIF(EAgoraAdulto!F2:F48,"Fazendo") -> 0 | G8: =COUNTIF(EAgoraAdulto!F2:F48,"Em Review") -> 0 | H8: =COUNTIF(EAgoraAdulto!F2:F48,"A Fazer")+COUNTIF(EAgoraAdulto!F2:F48,"Backlog") -> 3 | I8: =IF(D8=0,0,E8/D8) -> 0.25 | J8: =SUM(EAgoraAdulto!E2:E48) -> 3 | K8: =SUMIF(EAgoraAdulto!F2:F48,"Feito",EAgoraAdulto!E2:E48) -> 0.5
B9: Sincronize | C9: Alexandre, Giovana, Lara, M. Eduarda, Matheus, Rian | D9: =COUNTA(Sincronize!B2:B46) -> 4 | E9: =COUNTIF(Sincronize!F2:F49,"Feito") -> 0 | F9: =COUNTIF(Sincronize!F2:F49,"Fazendo") -> 0 | G9: =COUNTIF(Sincronize!F2:F49,"Em Review") -> 0 | H9: =COUNTIF(Sincronize!F2:F49,"A Fazer")+COUNTIF(Sincronize!F2:F49,"Backlog") -> 4 | I9: =IF(D9=0,0,E9/D9) -> 0 | J9: =SUM(Sincronize!E2:E49) -> 3 | K9: =SUMIF(Sincronize!F2:F49,"Feito",Sincronize!E2:E49) -> 0
B10: Anbylize | C10: Luiza Brandão Nunes (+ equipe) | D10: =COUNTA(Anbylize!B2:B46) -> 4 | E10: =COUNTIF(Anbylize!F2:F47,"Feito") -> 2 | F10: =COUNTIF(Anbylize!F2:F47,"Fazendo") -> 0 | G10: =COUNTIF(Anbylize!F2:F47,"Em Review") -> 0 | H10: =COUNTIF(Anbylize!F2:F47,"A Fazer")+COUNTIF(Anbylize!F2:F47,"Backlog") -> 2 | I10: =IF(D10=0,0,E10/D10) -> 0.5 | J10: =SUM(Anbylize!E2:E47) -> 3 | K10: =SUMIF(Anbylize!F2:F47,"Feito",Anbylize!E2:E47) -> 1
B11: Monitorizador | C11: Miguel Antonio Alves Gontijo (+ equipe) | D11: =COUNTA(Monitorizador!B2:B43) -> 4 | E11: =COUNTIF(Monitorizador!F2:F43,"Feito") -> 0 | F11: =COUNTIF(Monitorizador!F2:F43,"Fazendo") -> 1 | G11: =COUNTIF(Monitorizador!F2:F43,"Em Review") -> 0 | H11: =COUNTIF(Monitorizador!F2:F43,"A Fazer")+COUNTIF(Monitorizador!F2:F43,"Backlog") -> 3 | I11: =IF(D11=0,0,E11/D11) -> 0 | J11: =SUM(Monitorizador!E2:E43) -> 3 | K11: =SUMIF(Monitorizador!F2:F43,"Feito",Monitorizador!E2:E43) -> 0 | L11: class meeting realizado
B12: FlowUp | C12: Rafael Costa Fernandes (+ equipe) | D12: =COUNTA(FlowUp!B2:B42) -> 4 | E12: =COUNTIF(FlowUp!F2:F43,"Feito") -> 1 | F12: =COUNTIF(FlowUp!F2:F43,"Fazendo") -> 1 | G12: =COUNTIF(FlowUp!F2:F43,"Em Review") -> 0 | H12: =COUNTIF(FlowUp!F2:F43,"A Fazer")+COUNTIF(FlowUp!F2:F43,"Backlog") -> 2 | I12: =IF(D12=0,0,E12/D12) -> 0.25 | J12: =SUM(FlowUp!E2:E43) -> 3 | K12: =SUMIF(FlowUp!F2:F43,"Feito",FlowUp!E2:E43) -> 0.5
B13: TOTAL DA TURMA | D13: =SUM(D7:D12) -> 24 | E13: =SUM(E7:E12) -> 4 | F13: =SUM(F7:F12) -> 2 | G13: =SUM(G7:G12) -> 0 | H13: =SUM(H7:H12) -> 18 | I13: =IF(D13=0,0,E13/D13) -> 0.16666667 | J13: =SUM(J7:J12) -> 18 | K13: =SUM(K7:K12) -> 2
B15: Como usar:
B16: 1. Cada equipe tem uma aba com todos os cards (mesmos IDs dos arquivos Kanban).
B17: 2. Atualize só as colunas Status e Responsável nas abas — o Dashboard recalcula sozinho.
B18: 3. Status: Backlog · A Fazer · Fazendo · Em Review · Feito (lista suspensa).
B19: 4. Sprint: 1 = Sem. 5–6 (login, igual p/ todos) · 2 = Sem. 7–8 · 3 = Sem. 9–10.
B20: 5. Estimativas em aulas (1 aula ≈ 50 min). Aulas concluídas somam só cards Feito.

Sheet RadarNeuro
A1: Issue | B1: Card (atividade) | C1: Prioridade | D1: Sprint | E1: Est. (aulas) | F1: Status | G1: Responsável 1 | H1: Responsável 2 | I1: Observações
A2: FLW-01 | B2: Configurar Firebase e ativar login com Google | C2: M | D2: 1 | E2: 0.5 | F2: A Fazer | G2: Maria Paula | I2: Grupo atrasado. Conversei com Ana Beatriz e expliquei que precisamos terminar hoje as issues 01 e 02
A3: FLW-02 | B3: Criar o app React Native e integrar as bibliotecas | C3: M | D3: 1 | E3: 0.5 | F3: A Fazer | G3: Sarah
A4: FLW-03 | B4: Implementar login e logout com Google | C4: M | D4: 1 | E4: 1 | F4: A Fazer | G4: Ana Beatriz
A5: FLW-04 | B5: Rotas protegidas + Home + sessão persistente | C5: M | D5: 1 | E5: 1 | F5: A Fazer | G5: João Victor
B48: Total de aulas estimadas: | E48: =SUM(E2:E46) -> 3
B49: Aulas concluídas (Feito): | E49: =SUMIF(F2:F46,"Feito",E2:E46) -> 0
B52: Ana Beatriz
B53: João Victor
B54: Maria Paula
B55: Sarah

Sheet EAgoraAdulto
A1: Issue | B1: Card (atividade) | C1: Prioridade | D1: Sprint | E1: Est. (aulas) | F1: Status | G1: Responsável 1 | H1: Responsável 2 | I1: Observações
A2: FLW-01 | B2: Configurar Firebase e ativar login com Google | C2: M | D2: 1 | E2: 0.5 | F2: Feito | G2: Philipe Medeiros
A3: FLW-02 | B3: Criar o app React Native e integrar as bibliotecas | C3: M | D3: 1 | E3: 0.5 | F3: A Fazer | G3: Heitor Calegari | I3: finalizar em 8/9
A4: FLW-03 | B4: Implementar login e logout com Google | C4: M | D4: 1 | E4: 1 | F4: A Fazer | G4: Felipe Augusto | I4: finalizar em 8/9
A5: FLW-04 | B5: Rotas protegidas + Home + sessão persistente | C5: M | D5: 1 | E5: 1 | F5: A Fazer | G5: Gabriel Vieira | H5: Vitor Hugo | I5: finalizar em 9/9
B50: Total de aulas estimadas: | E50: =SUM(E2:E48) -> 3
B51: Aulas concluídas (Feito): | E51: =SUMIF(F2:F48,"Feito",E2:E48) -> 0.5
B55: Felipe Augusto
B56: Gabriel Vieira
B57: Heitor Calegari
B58: Philipe Medeiros
B59: Vitor Hugo

Sheet Sincronize
A1: Issue | B1: Card (atividade) | C1: Prioridade | D1: Sprint | E1: Est. (aulas) | F1: Status | G1: Responsável 1 | H1: Responsável 2 | I1: Observações
A2: FLW-01 | B2: Configurar Firebase e ativar login com Google | C2: M | D2: 1 | E2: 0.5 | F2: A Fazer | G2: Rian | I2: Atrasado
A3: FLW-02 | B3: Criar o app React Native e integrar as bibliotecas | C3: M | D3: 1 | E3: 0.5 | F3: A Fazer | G3: Matheus | I3: Atrasado
A4: FLW-03 | B4: Implementar login e logout com Google | C4: M | D4: 1 | E4: 1 | F4: A Fazer | G4: Lara | H4: Giovana | I4: finalizar em 8/9
A5: FLW-04 | B5: Rotas protegidas + Home + sessão persistente | C5: M | D5: 1 | E5: 1 | F5: A Fazer | G5: Alexandre | I5: finalizar em 9/9
B51: Total de aulas estimadas: | E51: =SUM(E2:E49) -> 3
B52: Aulas concluídas (Feito): | E52: =SUMIF(F2:F49,"Feito",E2:E49) -> 0
B56: Lara
B57: Alexandre
B58: Giovana
B59: Matheus
B60: Rian
B61: Maria Eduarda

Sheet Anbylize
A1: Issue | B1: Card (atividade) | C1: Prioridade | D1: Sprint | E1: Est. (aulas) | F1: Status | G1: Responsável 1 | H1: Responsável 2 | I1: Observações
A2: FLW-01 | B2: Configurar Firebase e ativar login com Google | C2: M | D2: 1 | E2: 0.5 | F2: Feito | G2: Manuella
A3: FLW-02 | B3: Criar o app React Native e integrar as bibliotecas | C3: M | D3: 1 | E3: 0.5 | F3: Feito | G3: Manuella
A4: FLW-03 | B4: Implementar login e logout com Google | C4: M | D4: 1 | E4: 1 | F4: A Fazer | G4: Andressa | I4: finalizar em 8/9
A5: FLW-04 | B5: Rotas protegidas + Home + sessão persistente | C5: M | D5: 1 | E5: 1 | F5: A Fazer | G5: Luiza | I5: finalizar em 9/9
B49: Total de aulas estimadas: | E49: =SUM(E2:E47) -> 3
B50: Aulas concluídas (Feito): | E50: =SUMIF(F2:F47,"Feito",E2:E47) -> 1
B54: Luiza
B55: Andressa
B56: Byanca
B57: Manuella

Sheet Monitorizador
A1: Issue | B1: Card (atividade) | C1: Prioridade | D1: Sprint | E1: Est. (aulas) | F1: Status | G1: Responsável 1 | H1: Responsável 2 | I1: Observações
A2: FLW-01 | B2: Configurar Firebase e ativar login com Google | C2: M | D2: 1 | E2: 0.5 | F2: Fazendo | G2: Muryel | I2: Grupo está atrasado.
A3: FLW-02 | B3: Criar o app React Native e integrar as bibliotecas | C3: M | D3: 1 | E3: 0.5 | F3: A Fazer | G3: Kaique
A4: FLW-03 | B4: Implementar login e logout com Google | C4: M | D4: 1 | E4: 1 | F4: A Fazer | G4: Erik
A5: FLW-04 | B5: Rotas protegidas + Home + sessão persistente | C5: M | D5: 1 | E5: 1 | F5: A Fazer | G5: Miguel Antonio
C6: M | D6: 1
C7: M | D7: 1
C8: M | D8: 1
C9: M | D9: 1
C10: M | D10: 1
C11: M | D11: 1
C12: M | D12: 1
C13: M | D13: 1
C14: M | D14: 1
C15: M | D15: 1
C16: M | D16: 1
C17: M | D17: 1
... C43: M | D43: 3
B45: Total de aulas estimadas: | E45: =SUM(E2:E43) -> 3
B46: Aulas concluídas (Feito): | E46: =SUMIF(F2:F43,"Feito",E2:E43) -> 0
B51: Miguel Antonio
B52: Erik
B53: Kaique
B54: Muryel

Sheet FlowUp
A1: Issue | B1: Card (atividade) | C1: Prioridade | D1: Sprint | E1: Est. (aulas) | F1: Status | G1: Responsável 1 | H1: Responsável 2 | I1: Observações
A2: FLW-01 | B2: Configurar Firebase e ativar login com Google | C2: M | D2: 1 | E2: 0.5 | F2: Feito | G2: Rafael Costa
A3: FLW-02 | B3: Criar o app React Native e integrar as bibliotecas | C3: M | D3: 1 | E3: 0.5 | F3: Fazendo | G3: Guilherme Ferreira | I3: Finalizar em 8/9
A4: FLW-03 | B4: Implementar login e logout com Google | C4: M | D4: 1 | E4: 1 | F4: A Fazer | G4: Murilo Portes | I4: Finalizar em 8/9
A5: FLW-04 | B5: Rotas protegidas + Home + sessão persistente | C5: M | D5: 1 | E5: 1 | F5: A Fazer | G5: Luiz Meireles | H5: Túlio Looks | I5: Finalizar em 9/9
B45: Total de aulas estimadas: | E45: =SUM(E2:E43) -> 3
B46: Aulas concluídas (Feito): | E46: =SUMIF(F2:F43,"Feito",E2:E43) -> 0.5
B50: Rafael Costa
B51: Guilherme Ferreira
B52: Luiz Meireles
B53: Murilo Portes
B54: Túlio Looks
