Workbook

Sheet Dashboard
B2: Campus App 2025 — Painel de Acompanhamento
B3: Desenvolvimento de Dispositivos Móveis · IFTM Campus Uberlândia · Prof. Edson Angoti Júnior
B5: Equipe / Projeto | C5: Integrantes | D5: Total de cards | E5: Feito | F5: Fazendo | G5: Em Review | H5: A Fazer / Backlog | I5: % Concluído | J5: Aulas estimadas | K5: Aulas concluídas
B6: Radar Neurodivergente | C6: Ana Beatriz Ramos Del Padre (+ equipe) | D6: =COUNTA(RadarNeuro!A2:A45) -> 44 | E6: =COUNTIF(RadarNeuro!G2:G45,"Feito") -> 0 | F6: =COUNTIF(RadarNeuro!G2:G45,"Fazendo") -> 0 | G6: =COUNTIF(RadarNeuro!G2:G45,"Em Review") -> 0 | H6: =COUNTIF(RadarNeuro!G2:G45,"A Fazer")+COUNTIF(RadarNeuro!G2:G45,"Backlog") -> 44 | I6: =IF(D6=0,0,E6/D6) -> 0 | J6: =SUM(RadarNeuro!F2:F45) -> 40.5 | K6: =SUMIF(RadarNeuro!G2:G45,"Feito",RadarNeuro!F2:F45) -> 0
B7: E Agora, Adulto? | C7: Felipe, Gabriel, Heitor, Philipe, Vitor Hugo | D7: =COUNTA(EAgoraAdulto!A2:A40) -> 39 | E7: =COUNTIF(EAgoraAdulto!G2:G40,"Feito") -> 0 | F7: =COUNTIF(EAgoraAdulto!G2:G40,"Fazendo") -> 0 | G7: =COUNTIF(EAgoraAdulto!G2:G40,"Em Review") -> 0 | H7: =COUNTIF(EAgoraAdulto!G2:G40,"A Fazer")+COUNTIF(EAgoraAdulto!G2:G40,"Backlog") -> 39 | I7: =IF(D7=0,0,E7/D7) -> 0 | J7: =SUM(EAgoraAdulto!F2:F40) -> 39 | K7: =SUMIF(EAgoraAdulto!G2:G40,"Feito",EAgoraAdulto!F2:F40) -> 0
B8: Sincronize | C8: Alexandre, Giovana, Lara, M. Eduarda, Matheus, Rian | D8: =COUNTA(Sincronize!A2:A39) -> 38 | E8: =COUNTIF(Sincronize!G2:G39,"Feito") -> 0 | F8: =COUNTIF(Sincronize!G2:G39,"Fazendo") -> 0 | G8: =COUNTIF(Sincronize!G2:G39,"Em Review") -> 0 | H8: =COUNTIF(Sincronize!G2:G39,"A Fazer")+COUNTIF(Sincronize!G2:G39,"Backlog") -> 38 | I8: =IF(D8=0,0,E8/D8) -> 0 | J8: =SUM(Sincronize!F2:F39) -> 34.5 | K8: =SUMIF(Sincronize!G2:G39,"Feito",Sincronize!F2:F39) -> 0
B9: Anbylize | C9: Luiza Brandão Nunes (+ equipe) | D9: =COUNTA(Anbylize!A2:A37) -> 36 | E9: =COUNTIF(Anbylize!G2:G37,"Feito") -> 0 | F9: =COUNTIF(Anbylize!G2:G37,"Fazendo") -> 0 | G9: =COUNTIF(Anbylize!G2:G37,"Em Review") -> 0 | H9: =COUNTIF(Anbylize!G2:G37,"A Fazer")+COUNTIF(Anbylize!G2:G37,"Backlog") -> 36 | I9: =IF(D9=0,0,E9/D9) -> 0 | J9: =SUM(Anbylize!F2:F37) -> 32.5 | K9: =SUMIF(Anbylize!G2:G37,"Feito",Anbylize!F2:F37) -> 0
B10: Monitorizador | C10: Miguel Antonio Alves Gontijo (+ equipe) | D10: =COUNTA(Monitorizador!A2:A35) -> 34 | E10: =COUNTIF(Monitorizador!G2:G35,"Feito") -> 0 | F10: =COUNTIF(Monitorizador!G2:G35,"Fazendo") -> 0 | G10: =COUNTIF(Monitorizador!G2:G35,"Em Review") -> 0 | H10: =COUNTIF(Monitorizador!G2:G35,"A Fazer")+COUNTIF(Monitorizador!G2:G35,"Backlog") -> 34 | I10: =IF(D10=0,0,E10/D10) -> 0 | J10: =SUM(Monitorizador!F2:F35) -> 31 | K10: =SUMIF(Monitorizador!G2:G35,"Feito",Monitorizador!F2:F35) -> 0
B11: FlowUp | C11: Rafael Costa Fernandes (+ equipe) | D11: =COUNTA(FlowUp!A2:A35) -> 34 | E11: =COUNTIF(FlowUp!G2:G35,"Feito") -> 0 | F11: =COUNTIF(FlowUp!G2:G35,"Fazendo") -> 0 | G11: =COUNTIF(FlowUp!G2:G35,"Em Review") -> 0 | H11: =COUNTIF(FlowUp!G2:G35,"A Fazer")+COUNTIF(FlowUp!G2:G35,"Backlog") -> 34 | I11: =IF(D11=0,0,E11/D11) -> 0 | J11: =SUM(FlowUp!F2:F35) -> 33.5 | K11: =SUMIF(FlowUp!G2:G35,"Feito",FlowUp!F2:F35) -> 0
B12: TOTAL DA TURMA | D12: =SUM(D6:D11) -> 225 | E12: =SUM(E6:E11) -> 0 | F12: =SUM(F6:F11) -> 0 | G12: =SUM(G6:G11) -> 0 | H12: =SUM(H6:H11) -> 225 | I12: =IF(D12=0,0,E12/D12) -> 0 | J12: =SUM(J6:J11) -> 211 | K12: =SUM(K6:K11) -> 0
B14: Como usar:
B15: 1. Cada equipe tem uma aba com todos os cards do kanban (mesmos IDs dos arquivos Kanban_*.md).
B16: 2. Atualize apenas as colunas Status e Responsável nas abas das equipes — o Dashboard recalcula sozinho.
B17: 3. Status disponíveis: Backlog · A Fazer · Fazendo · Em Review · Feito (lista suspensa na célula).
B18: 4. A coluna Sprint indica a quinzena planejada: 1 = Sem. 5–6 · 2 = Sem. 7–8 · 3 = Sem. 9–10.
B19: 5. Estimativas em aulas (1 aula ≈ 50 min). Aulas concluídas somam apenas cards com status Feito.

Sheet RadarNeuro
A1: ID | B1: Issue | C1: Card (atividade) | D1: Prioridade | E1: Sprint | F1: Est. (aulas) | G1: Status | H1: Responsável | I1: Observações
A2: RND-01.1 | B2: RND-01 | C2: Criar projeto no Firebase e ativar Auth (e-mail/senha) | D2: M | E2: 1 | F2: 0.5 | G2: A Fazer
A3: RND-01.2 | B3: RND-01 | C3: Instalar e configurar SDK do Firebase no Expo | D3: M | E3: 1 | F3: 0.5 | G3: A Fazer
A4: RND-01.3 | B4: RND-01 | C4: Construir UI da tela de Login | D4: M | E4: 1 | F4: 1 | G4: A Fazer
A5: RND-01.4 | B5: RND-01 | C5: Construir UI da tela de Cadastro | D5: M | E5: 1 | F5: 1 | G5: A Fazer
A6: RND-01.5 | B6: RND-01 | C6: Integrar createUserWithEmailAndPassword | D6: M | E6: 1 | F6: 1 | G6: A Fazer
A7: RND-01.6 | B7: RND-01 | C7: Integrar signInWithEmailAndPassword | D7: M | E7: 1 | F7: 1 | G7: A Fazer
A8: RND-01.7 | B8: RND-01 | C8: Testar fluxo completo no dispositivo físico | D8: M | E8: 1 | F8: 0.5 | G8: A Fazer
A9: RND-02.1 | B9: RND-02 | C9: Criar AuthContext (usuario, carregando) | D9: M | E9: 1 | F9: 1 | G9: A Fazer
A10: RND-02.2 | B10: RND-02 | C10: Navegação condicional (auth ↔ app) | D10: M | E10: 1 | F10: 1 | G10: A Fazer
A11: RND-02.3 | B11: RND-02 | C11: Persistir sessão (onAuthStateChanged + AsyncStorage) | D11: M | E11: 1 | F11: 1 | G11: A Fazer
A12: RND-02.4 | B12: RND-02 | C12: Implementar logout() | D12: M | E12: 1 | F12: 0.5 | G12: A Fazer
A13: RND-03.1 | B13: RND-03 | C13: Coleção usuarios no Firestore | D13: M | E13: 1 | F13: 1 | G13: A Fazer
... A45: RND-QA.3 | B45: QA | C45: Revisão final de acessibilidade | D45: M | E45: 3 | F45: 1 | G45: Backlog
C47: Total de aulas estimadas: | F47: =SUM(F2:F45) -> 40.5
C48: Aulas concluídas (Feito): | F48: =SUMIF(G2:G45,"Feito",F2:F45) -> 0

Sheet EAgoraAdulto
A1: ID | B1: Issue | C1: Card (atividade) | D1: Prioridade | E1: Sprint | F1: Est. (aulas) | G1: Status | H1: Responsável | I1: Observações
A2: EAA-01.1 | B2: EAA-01 | C2: Criar projeto Firebase e ativar Auth | D2: M | E2: 1 | F2: 0.5 | G2: A Fazer
A3: EAA-01.2 | B3: EAA-01 | C3: UI das telas de Login e Cadastro | D3: M | E3: 1 | F3: 1.5 | G3: A Fazer
A4: EAA-01.3 | B4: EAA-01 | C4: Integrar cadastro/login com Firebase Auth | D4: M | E4: 1 | F4: 1 | G4: A Fazer
A5: EAA-01.4 | B5: EAA-01 | C5: AuthContext com navegação condicional | D5: M | E5: 1 | F5: 1 | G5: A Fazer
A6: EAA-01.5 | B6: EAA-01 | C6: Persistir sessão (AsyncStorage) | D6: M | E6: 1 | F6: 1 | G6: A Fazer
A7: EAA-02.1 | B7: EAA-02 | C7: Definir e documentar schema de progresso | D7: M | E7: 1 | F7: 0.5 | G7: A Fazer
A8: EAA-02.2 | B8: EAA-02 | C8: Criar documento progresso/{uid} no 1º login | D8: M | E8: 1 | F8: 1 | G8: A Fazer
A9: EAA-02.3 | B9: EAA-02 | C9: Hook useProgresso() (ler + atualizar) | D9: M | E9: 1 | F9: 1.5 | G9: A Fazer
A10: EAA-02.4 | B10: EAA-02 | C10: Testar sincronização entre 2 celulares | D10: M | E10: 1 | F10: 0.5 | G10: A Fazer
A11: EAA-03.1 | B11: EAA-03 | C11: Schema JSON da lição + 1 lição-modelo | D11: M | E11: 1 | F11: 1 | G11: A Fazer
A12: EAA-03.2 | B12: EAA-03 | C12: Escrever 9 lições da trilha Emprego | D12: M | E12: 1 | F12: 2 | G12: A Fazer
A13: EAA-03.3 | B13: EAA-03 | C13: Escrever 9 lições da trilha Faculdade | D13: M | E13: 1 | F13: 2 | G13: A Fazer
... A40: EAA-QA.3 | B40: QA | C40: Revisão de conteúdo: jogar as 27 lições | D40: M | E40: 3 | F40: 1.5 | G40: Backlog
C42: Total de aulas estimadas: | F42: =SUM(F2:F40) -> 39
C43: Aulas concluídas (Feito): | F43: =SUMIF(G2:G40,"Feito",F2:F40) -> 0

Sheet Sincronize
A1: ID | B1: Issue | C1: Card (atividade) | D1: Prioridade | E1: Sprint | F1: Est. (aulas) | G1: Status | H1: Responsável | I1: Observações
A2: SIN-01.1 | B2: SIN-01 | C2: Criar projeto Firebase e ativar Auth | D2: M | E2: 1 | F2: 0.5 | G2: A Fazer
A3: SIN-01.2 | B3: SIN-01 | C3: UI das telas de Login e Cadastro | D3: M | E3: 1 | F3: 1.5 | G3: A Fazer
A4: SIN-01.3 | B4: SIN-01 | C4: Integrar cadastro/login com Firebase Auth | D4: M | E4: 1 | F4: 1 | G4: A Fazer
A5: SIN-01.4 | B5: SIN-01 | C5: Coleção usuarios com campo tipo | D5: M | E5: 1 | F5: 1 | G5: A Fazer
A6: SIN-01.5 | B6: SIN-01 | C6: AuthContext + navegação + persistência | D6: M | E6: 1 | F6: 1.5 | G6: A Fazer
A7: SIN-01.6 | B7: SIN-01 | C7: Botão Criar Evento por tipo de perfil | D7: M | E7: 1 | F7: 0.5 | G7: A Fazer
A8: SIN-02.1 | B8: SIN-02 | C8: Modelar coleção eventos (schema no README) | D8: M | E8: 2 | F8: 0.5 | G8: Backlog
A9: SIN-02.2 | B9: SIN-02 | C9: Popular 6 eventos de teste | D9: M | E9: 2 | F9: 0.5 | G9: Backlog
A10: SIN-02.3 | B10: SIN-02 | C10: Componente CardEvento | D10: M | E10: 2 | F10: 1 | G10: Backlog
A11: SIN-02.4 | B11: SIN-02 | C11: FlatList ordenada por data (futuros) | D11: M | E11: 2 | F11: 1 | G11: Backlog
A12: SIN-02.5 | B12: SIN-02 | C12: Estados de carregamento e lista vazia | D12: M | E12: 2 | F12: 0.5 | G12: Backlog
A13: SIN-03.1 | B13: SIN-03 | C13: UI da tela de detalhe | D13: M | E13: 2 | F13: 1 | G13: Backlog
... A39: SIN-QA.2 | B39: QA | C39: Corrigir bugs priorizados | D39: M | E39: 3 | F39: 2 | G39: Backlog
C41: Total de aulas estimadas: | F41: =SUM(F2:F39) -> 34.5
C42: Aulas concluídas (Feito): | F42: =SUMIF(G2:G39,"Feito",F2:F39) -> 0

Sheet Anbylize
A1: ID | B1: Issue | C1: Card (atividade) | D1: Prioridade | E1: Sprint | F1: Est. (aulas) | G1: Status | H1: Responsável | I1: Observações
A2: ANB-01.1 | B2: ANB-01 | C2: Preparar ambiente local (Expo CLI + físico) | D2: M | E2: 1 | F2: 1 | G2: A Fazer
A3: ANB-01.2 | B3: ANB-01 | C3: Firebase + credenciais OAuth Google | D3: M | E3: 1 | F3: 1 | G3: A Fazer
A4: ANB-01.3 | B4: ANB-01 | C4: Fluxo de login Google (expo-auth-session) | D4: M | E4: 1 | F4: 1.5 | G4: A Fazer
A5: ANB-01.4 | B5: ANB-01 | C5: Validar domínio do e-mail pós-login | D5: M | E5: 1 | F5: 1 | G5: A Fazer
A6: ANB-01.5 | B6: ANB-01 | C6: Coleção usuarios (aluno/admin) | D6: M | E6: 1 | F6: 0.5 | G6: A Fazer
A7: ANB-01.6 | B7: ANB-01 | C7: AuthContext + persistência de sessão | D7: M | E7: 1 | F7: 1 | G7: A Fazer
A8: ANB-02.1 | B8: ANB-02 | C8: Definir grade de slots do dia | D8: M | E8: 2 | F8: 0.5 | G8: Backlog
A9: ANB-02.2 | B9: ANB-02 | C9: Modelar coleção agendamentos | D9: M | E9: 2 | F9: 0.5 | G9: Backlog
A10: ANB-02.3 | B10: ANB-02 | C10: Componente SlotHorario (3 cores) | D10: M | E10: 2 | F10: 1 | G10: Backlog
A11: ANB-02.4 | B11: ANB-02 | C11: Tela principal: data + grade do dia | D11: M | E11: 2 | F11: 1.5 | G11: Backlog
A12: ANB-02.5 | B12: ANB-02 | C12: Cruzar slots com onSnapshot | D12: M | E12: 2 | F12: 1 | G12: Backlog
A13: ANB-02.6 | B13: ANB-02 | C13: Seletor de data | D13: M | E13: 2 | F13: 1 | G13: Backlog
... A37: ANB-QA.3 | B37: QA | C37: Teste de estresse de conflito (4+ pessoas) | D37: M | E37: 3 | F37: 0.5 | G37: Backlog
C39: Total de aulas estimadas: | F39: =SUM(F2:F37) -> 32.5
C40: Aulas concluídas (Feito): | F40: =SUMIF(G2:G37,"Feito",F2:F37) -> 0

Sheet Monitorizador
A1: ID | B1: Issue | C1: Card (atividade) | D1: Prioridade | E1: Sprint | F1: Est. (aulas) | G1: Status | H1: Responsável | I1: Observações
A2: MON-01.1 | B2: MON-01 | C2: Criar projeto Firebase e ativar Auth | D2: M | E2: 1 | F2: 0.5 | G2: A Fazer
A3: MON-01.2 | B3: MON-01 | C3: UI Login/Cadastro com seleção de papel | D3: M | E3: 1 | F3: 1.5 | G3: A Fazer
A4: MON-01.3 | B4: MON-01 | C4: Integrar Auth + coleção usuarios | D4: M | E4: 1 | F4: 1 | G4: A Fazer
A5: MON-01.4 | B5: MON-01 | C5: AuthContext (usuário + papel) + persistência | D5: M | E5: 1 | F5: 1 | G5: A Fazer
A6: MON-01.5 | B6: MON-01 | C6: Navegação condicional por papel | D6: M | E6: 1 | F6: 1 | G6: A Fazer
A7: MON-02.1 | B7: MON-02 | C7: BottomTabNavigator com 4 abas | D7: M | E7: 1 | F7: 1 | G7: A Fazer
A8: MON-02.2 | B8: MON-02 | C8: Header da Home com nome e avatar | D8: M | E8: 1 | F8: 1 | G8: A Fazer
A9: MON-02.3 | B9: MON-02 | C9: Esqueleto das 4 telas (estado vazio) | D9: M | E9: 1 | F9: 0.5 | G9: A Fazer
A10: MON-03.1 | B10: MON-03 | C10: Modelar coleção monitorias | D10: M | E10: 2 | F10: 0.5 | G10: Backlog
A11: MON-03.2 | B11: MON-03 | C11: Decidir calendário vs. lista agrupada | D11: M | E11: 2 | F11: 1 | G11: Backlog
A12: MON-03.3 | B12: MON-03 | C12: Componente CardMonitoria | D12: M | E12: 2 | F12: 1 | G12: Backlog
A13: MON-03.4 | B13: MON-03 | C13: Listagem agrupada por dia (Firestore) | D13: M | E13: 2 | F13: 1.5 | G13: Backlog
... A35: MON-QA.3 | B35: QA | C35: Polimento visual das 4 abas | D35: M | E35: 3 | F35: 1 | G35: Backlog
C37: Total de aulas estimadas: | F37: =SUM(F2:F35) -> 31
C38: Aulas concluídas (Feito): | F38: =SUMIF(G2:G35,"Feito",F2:F35) -> 0

Sheet FlowUp
A1: ID | B1: Issue | C1: Card (atividade) | D1: Prioridade | E1: Sprint | F1: Est. (aulas) | G1: Status | H1: Responsável | I1: Observações
A2: FLW-01.1 | B2: FLW-01 | C2: Criar projeto Firebase e ativar Auth | D2: M | E2: 1 | F2: 0.5 | G2: A Fazer
A3: FLW-01.2 | B3: FLW-01 | C3: UI Login/Cadastro com seleção de papel | D3: M | E3: 1 | F3: 1.5 | G3: A Fazer
A4: FLW-01.3 | B4: FLW-01 | C4: Integrar Auth + coleção usuarios | D4: M | E4: 1 | F4: 1 | G4: A Fazer
A5: FLW-01.4 | B5: FLW-01 | C5: AuthContext + navegação + persistência | D5: M | E5: 1 | F5: 1.5 | G5: A Fazer
A6: FLW-02.1 | B6: FLW-02 | C6: Coleção turmas (fixas do MVP) | D6: M | E6: 1 | F6: 0.5 | G6: A Fazer
A7: FLW-02.2 | B7: FLW-02 | C7: Seleção de turma no cadastro do aluno | D7: M | E7: 1 | F7: 1 | G7: A Fazer
A8: FLW-02.3 | B8: FLW-02 | C8: Professor com múltiplas turmas | D8: M | E8: 1 | F8: 1 | G8: A Fazer
A9: FLW-02.4 | B9: FLW-02 | C9: Expor turmas no AuthContext | D9: M | E9: 1 | F9: 0.5 | G9: A Fazer
A10: FLW-03.1 | B10: FLW-03 | C10: Modelar coleção atividades | D10: M | E10: 2 | F10: 0.5 | G10: Backlog
A11: FLW-03.2 | B11: FLW-03 | C11: UI do formulário de atividade | D11: M | E11: 2 | F11: 1 | G11: Backlog
A12: FLW-03.3 | B12: FLW-03 | C12: DateTimePicker + validações | D12: M | E12: 2 | F12: 1 | G12: Backlog
A13: FLW-03.4 | B13: FLW-03 | C13: Alerta de sobrecarga (2+ na mesma data) | D13: M | E13: 2 | F13: 1.5 | G13: Backlog
... A35: FLW-QA.3 | B35: QA | C35: Cenário de demo para o Shark Tank | D35: M | E35: 3 | F35: 1 | G35: Backlog
C37: Total de aulas estimadas: | F37: =SUM(F2:F35) -> 33.5
C38: Aulas concluídas (Feito): | F38: =SUMIF(G2:G35,"Feito",F2:F35) -> 0
